{"actions":[],"apps":[{"acl":{"app":[],"field":[],"record":[]},"app":null,"category":{"categories":[],"useCategory":"false"},"form":{"layout":"[{\"id\":null,\"type\":\"ROW\",\"isSubTable\":false,\"var\":null,\"label\":null,\"controlList\":[{\"label\":\"\\u003Cdiv\\u003E\\u003Cb\\u003E\\u003Cfont size=\\\"4\\\" color=\\\"#0b5394\\\"\\u003E提案者記入欄\\u003C/font\\u003E\\u003C/b\\u003E\\u003C/div\\u003E\",\"styleMap\":{\"width\":140},\"formatted\":\"\\u003Cdiv\\u003E\\u003Cb\\u003E\\u003Cfont size=\\\"4\\\" color=\\\"#0b5394\\\"\\u003E提案者記入欄\\u003C/font\\u003E\\u003C/b\\u003E\\u003C/div\\u003E\",\"type\":\"LABEL\"}]},{\"id\":null,\"type\":\"ROW\",\"isSubTable\":false,\"var\":null,\"label\":null,\"controlList\":[{\"isVirtical\":true,\"styleMap\":{\"width\":94},\"type\":\"SINGLE_LINE_TEXT\",\"var\":\"名前\",\"label\":\"名前\"},{\"isVirtical\":true,\"styleMap\":{\"width\":135},\"type\":\"SINGLE_LINE_TEXT\",\"var\":\"よみがな\",\"label\":\"よみがな\"},{\"isVirtical\":true,\"styleMap\":{\"width\":136},\"type\":\"SINGLE_SELECT\",\"var\":\"想定性別\",\"label\":\"想定性別\"}]},{\"id\":null,\"type\":\"ROW\",\"isSubTable\":false,\"var\":null,\"label\":null,\"controlList\":[{\"isVirtical\":true,\"styleMap\":{\"width\":252},\"type\":\"MULTIPLE_SELECT\",\"var\":\"良いところ\",\"label\":\"良いところ\"},{\"isVirtical\":true,\"styleMap\":{\"width\":252},\"type\":\"MULTIPLE_SELECT\",\"var\":\"不安な点\",\"label\":\"不安な点\"}]},{\"id\":null,\"type\":\"ROW\",\"isSubTable\":false,\"var\":null,\"label\":null,\"controlList\":[{\"isVirtical\":true,\"styleMap\":{\"width\":504,\"height\":163,\"innerHeight\":125},\"type\":\"MULTIPLE_LINE_TEXT\",\"var\":\"特記事項\",\"label\":\"特記事項\"}]},{\"id\":null,\"type\":\"ROW\",\"isSubTable\":false,\"var\":null,\"label\":null,\"controlList\":[{\"isVirtical\":true,\"styleMap\":{\"width\":64},\"type\":\"CALC\",\"var\":\"天格\",\"label\":\"天格\"},{\"isVirtical\":true,\"styleMap\":{\"width\":64},\"type\":\"DECIMAL\",\"var\":\"人格\",\"label\":\"人格\"},{\"isVirtical\":true,\"styleMap\":{\"width\":64},\"type\":\"CALC\",\"var\":\"地格\",\"label\":\"地格\"},{\"isVirtical\":true,\"styleMap\":{\"width\":64},\"type\":\"DECIMAL\",\"var\":\"外格\",\"label\":\"外格\"},{\"isVirtical\":true,\"styleMap\":{\"width\":64},\"type\":\"CALC\",\"var\":\"総格\",\"label\":\"総格\"}]},{\"id\":null,\"type\":\"ROW\",\"isSubTable\":false,\"var\":null,\"label\":null,\"controlList\":[{\"isVirtical\":true,\"styleMap\":{\"width\":50},\"type\":\"SINGLE_LINE_TEXT\",\"var\":\"天\",\"label\":\"天→\"},{\"isVirtical\":true,\"styleMap\":{\"width\":50},\"type\":\"SINGLE_LINE_TEXT\",\"var\":\"人\",\"label\":\"人→\"},{\"isVirtical\":true,\"styleMap\":{\"width\":50},\"type\":\"SINGLE_LINE_TEXT\",\"var\":\"地\",\"label\":\"地\"}]},{\"id\":null,\"type\":\"ROW\",\"isSubTable\":false,\"var\":null,\"label\":null,\"controlList\":[{\"isVirtical\":true,\"styleMap\":{\"width\":193},\"type\":\"SINGLE_LINE_TEXT\",\"var\":\"陰陽配列\",\"label\":\"陰陽配列\"}]},{\"id\":null,\"type\":\"ROW\",\"isSubTable\":false,\"var\":null,\"label\":null,\"controlList\":[{\"isVirtical\":true,\"styleMap\":{\"width\":504},\"type\":\"SINGLE_LINE_TEXT\",\"var\":\"人格吉凶リンク\",\"label\":\"人格吉凶リンク\"}]},{\"id\":null,\"type\":\"ROW\",\"isSubTable\":false,\"var\":null,\"label\":null,\"controlList\":[{\"isVirtical\":true,\"styleMap\":{\"width\":504},\"type\":\"SINGLE_LINE_TEXT\",\"var\":\"地格吉凶リンク\",\"label\":\"地格吉凶リンク\"}]},{\"id\":null,\"type\":\"ROW\",\"isSubTable\":false,\"var\":null,\"label\":null,\"controlList\":[{\"isVirtical\":true,\"styleMap\":{\"width\":504},\"type\":\"SINGLE_LINE_TEXT\",\"var\":\"外格吉凶リンク\",\"label\":\"外格吉凶リンク\"}]},{\"id\":null,\"type\":\"ROW\",\"isSubTable\":false,\"var\":null,\"label\":null,\"controlList\":[{\"isVirtical\":true,\"styleMap\":{\"width\":504},\"type\":\"SINGLE_LINE_TEXT\",\"var\":\"総格吉凶リンク\",\"label\":\"総格吉凶リンク\"}]},{\"id\":null,\"type\":\"ROW\",\"isSubTable\":false,\"var\":null,\"label\":null,\"controlList\":[{\"isVirtical\":true,\"styleMap\":{\"width\":504},\"type\":\"LINK\",\"var\":\"名前辞典リンク\",\"label\":\"名前辞典リンク\"}]},{\"id\":null,\"type\":\"ROW\",\"isSubTable\":false,\"var\":null,\"label\":null,\"controlList\":[{\"styleMap\":{\"width\":532},\"type\":\"HR\"}]},{\"id\":null,\"type\":\"ROW\",\"isSubTable\":false,\"var\":null,\"label\":null,\"controlList\":[{\"label\":\"\\u003Cdiv\\u003E\\u003Cb\\u003E\\u003Cfont size=\\\"4\\\" color=\\\"#0b5394\\\"\\u003E被提案者記入欄\\u003C/font\\u003E\\u003C/b\\u003E\\u003C/div\\u003E\",\"styleMap\":{\"width\":158},\"formatted\":\"\\u003Cdiv\\u003E\\u003Cb\\u003E\\u003Cfont size=\\\"4\\\" color=\\\"#0b5394\\\"\\u003E被提案者記入欄\\u003C/font\\u003E\\u003C/b\\u003E\\u003C/div\\u003E\",\"type\":\"LABEL\"}]},{\"id\":null,\"type\":\"ROW\",\"isSubTable\":false,\"var\":null,\"label\":null,\"controlList\":[{\"isVirtical\":true,\"styleMap\":{\"width\":136},\"type\":\"SINGLE_SELECT\",\"var\":\"被提案者の評価\",\"label\":\"被提案者の評価\"}]},{\"id\":null,\"type\":\"ROW\",\"isSubTable\":false,\"var\":null,\"label\":null,\"controlList\":[{\"isVirtical\":true,\"styleMap\":{\"width\":504,\"height\":163,\"innerHeight\":125},\"type\":\"MULTIPLE_LINE_TEXT\",\"var\":\"被提案者の所感\",\"label\":\"被提案者の所感\"}]},{\"id\":null,\"type\":\"ROW\",\"isSubTable\":false,\"var\":null,\"label\":null,\"controlList\":[{\"styleMap\":{\"width\":532},\"type\":\"HR\"}]},{\"id\":null,\"type\":\"ROW\",\"isSubTable\":false,\"var\":null,\"label\":null,\"controlList\":[{\"isVirtical\":true,\"styleMap\":{\"width\":108},\"type\":\"MULTIPLE_CHECK\",\"var\":\"採用\",\"label\":\"採用\",\"align\":\"horizontal\"}]},{\"id\":null,\"type\":\"ROW\",\"isSubTable\":false,\"var\":null,\"label\":null,\"controlList\":[{\"isVirtical\":true,\"styleMap\":{\"width\":136},\"type\":\"CREATOR\",\"var\":\"提案者\",\"label\":\"提案者\"}]},{\"id\":null,\"type\":\"ROW\",\"isSubTable\":false,\"var\":null,\"label\":null,\"controlList\":[{\"styleMap\":{\"width\":532},\"type\":\"HR\"}]},{\"id\":\"5567787\",\"type\":\"SUBTABLE\",\"isSubTable\":true,\"var\":\"テーブル\",\"label\":\"テーブル\",\"controlList\":[{\"isVirtical\":true,\"styleMap\":{\"width\":181},\"type\":\"SINGLE_LINE_TEXT\",\"var\":\"文字\",\"label\":\"文字\"},{\"isVirtical\":true,\"styleMap\":{\"width\":68},\"type\":\"DECIMAL\",\"var\":\"画数\",\"label\":\"画数\"},{\"isVirtical\":true,\"styleMap\":{\"width\":91},\"type\":\"CALC\",\"var\":\"固定値1\",\"label\":\"固定値1\"}]},{\"id\":null,\"type\":\"ROW\",\"isSubTable\":false,\"var\":null,\"label\":null,\"controlList\":[{\"isVirtical\":true,\"styleMap\":{},\"canvasData\":[{\"id\":null,\"type\":\"ROW\",\"isSubTable\":false,\"var\":null,\"label\":null,\"controlList\":[{\"isVirtical\":true,\"styleMap\":{\"width\":148},\"type\":\"CALC\",\"var\":\"姓の外格に足す数\",\"label\":\"姓の外格に足す数\"},{\"isVirtical\":true,\"styleMap\":{\"width\":148},\"type\":\"CALC\",\"var\":\"姓の人格に足す数\",\"label\":\"姓の人格に足す数\"},{\"isVirtical\":true,\"styleMap\":{\"width\":100},\"type\":\"SINGLE_LINE_TEXT\",\"var\":\"姓の陰陽\",\"label\":\"姓の陰陽\"},{\"isVirtical\":true,\"styleMap\":{\"width\":78},\"type\":\"CALC\",\"var\":\"文字数\",\"label\":\"文字数\"}]}],\"type\":\"GROUP\",\"var\":\"グループ\",\"label\":\"グループ\"}]}]","revision":null},"iconMeta":null,"info":{"automaticallyChooseTitleComponent":"true","code":null,"decimalPrecision":"16","decimalScale":"4","description":"\u003Cdiv\u003E出典&#xff1a;\u003Cb\u003E\u003Cu\u003E\u003Ca href=\"https://b-name.jp/\" target=\"_blank\" rel=\"nofollow noopener noreferrer\"\u003E赤ちゃん命名ガイド\u003C/a\u003E\u003C/u\u003E\u003C/b\u003E\u003C/div\u003E","enableBulkDeletion":"false","enableRecordReuse":"true","fiscalYearStartMonth":"4","iconKey":"APP60","iconType":"PRESET","jsFiles":null,"jsScope":"ALL","name":"名前候補","roundingMode":"HALF_EVEN","theme":"PLAIN","titleComponentLocalId":null,"useComment":"true","useHistory":"true","useThumbnail":"true"},"jsFiles":[{"jsFileMetas":[{"internalName":null,"locationType":"BLOB","mime":"text/javascript","name":"table.js","url":null},{"internalName":null,"locationType":"BLOB","mime":"text/javascript","name":"calc.js","url":null},{"internalName":null,"locationType":"BLOB","mime":"text/javascript","name":"url.js","url":null},{"internalName":null,"locationType":"BLOB","mime":"text/javascript","name":"disabled.js","url":null}],"jsType":"DESKTOP"},{"jsFileMetas":[{"internalName":null,"locationType":"BLOB","mime":"text/javascript","name":"table.js","url":null},{"internalName":null,"locationType":"BLOB","mime":"text/javascript","name":"calc.js","url":null},{"internalName":null,"locationType":"BLOB","mime":"text/javascript","name":"url.js","url":null},{"internalName":null,"locationType":"BLOB","mime":"text/javascript","name":"disabled.js","url":null}],"jsType":"MOBILE"}],"notification":{"appNotifications":[{"events":[],"target":{"entityId":"5567565","entityType":"FIELD_ENTITY","includeSubs":"false"}},{"events":[],"target":{"entityId":"5567566","entityType":"FIELD_ENTITY","includeSubs":"false"}}],"recordNotifications":[],"reminderTimezone":null,"reminders":[],"useComment":"false","useReminder":"false"},"plugins":[],"reports":[],"resource":{"tables":[{"rows":[{"fields":[],"objectId":"0","subObjectId":"-1"}],"type":"AppName"},{"rows":[{"fields":[],"objectId":"0","subObjectId":"-1"}],"type":"AppDescription"},{"rows":[{"fields":[],"objectId":"5567564","subObjectId":"-1"},{"fields":[],"objectId":"5567565","subObjectId":"-1"},{"fields":[],"objectId":"5567566","subObjectId":"-1"},{"fields":[],"objectId":"5567567","subObjectId":"-1"},{"fields":[],"objectId":"5567568","subObjectId":"-1"},{"fields":[],"objectId":"5567569","subObjectId":"-1"},{"fields":[],"objectId":"5567570","subObjectId":"-1"},{"fields":[],"objectId":"5567571","subObjectId":"-1"},{"fields":[],"objectId":"5567749","subObjectId":"-1"},{"fields":[],"objectId":"5567750","subObjectId":"-1"},{"fields":[],"objectId":"5567751","subObjectId":"-1"},{"fields":[],"objectId":"5567751","subObjectId":"5567633"},{"fields":[],"objectId":"5567751","subObjectId":"5567634"},{"fields":[],"objectId":"5567752","subObjectId":"-1"},{"fields":[],"objectId":"5567752","subObjectId":"5567574"},{"fields":[],"objectId":"5567752","subObjectId":"5567575"},{"fields":[],"objectId":"5567752","subObjectId":"5567577"},{"fields":[],"objectId":"5567752","subObjectId":"5567576"},{"fields":[],"objectId":"5567752","subObjectId":"5567582"},{"fields":[],"objectId":"5567752","subObjectId":"5567583"},{"fields":[],"objectId":"5567752","subObjectId":"5567645"},{"fields":[],"objectId":"5567753","subObjectId":"-1"},{"fields":[],"objectId":"5567753","subObjectId":"5567578"},{"fields":[],"objectId":"5567753","subObjectId":"5567684"},{"fields":[],"objectId":"5567753","subObjectId":"5567579"},{"fields":[],"objectId":"5567753","subObjectId":"5567580"},{"fields":[],"objectId":"5567753","subObjectId":"5567712"},{"fields":[],"objectId":"5567753","subObjectId":"5567581"},{"fields":[],"objectId":"5567753","subObjectId":"5567646"},{"fields":[],"objectId":"5567754","subObjectId":"-1"},{"fields":[],"objectId":"5567755","subObjectId":"-1"},{"fields":[],"objectId":"5567755","subObjectId":"5567598"},{"fields":[],"objectId":"5567755","subObjectId":"5567599"},{"fields":[],"objectId":"5567756","subObjectId":"-1"},{"fields":[],"objectId":"5567757","subObjectId":"-1"},{"fields":[],"objectId":"5567757","subObjectId":"5567607"},{"fields":[],"objectId":"5567787","subObjectId":"-1"},{"fields":[],"objectId":"5567785","subObjectId":"-1"},{"fields":[],"objectId":"5567786","subObjectId":"-1"},{"fields":[],"objectId":"5567854","subObjectId":"-1"},{"fields":[],"objectId":"5567789","subObjectId":"-1"},{"fields":[],"objectId":"5567790","subObjectId":"-1"},{"fields":[],"objectId":"5567791","subObjectId":"-1"},{"fields":[],"objectId":"5567792","subObjectId":"-1"},{"fields":[],"objectId":"5567793","subObjectId":"-1"},{"fields":[],"objectId":"5567798","subObjectId":"-1"},{"fields":[],"objectId":"5567799","subObjectId":"-1"},{"fields":[],"objectId":"5567803","subObjectId":"-1"},{"fields":[],"objectId":"5567804","subObjectId":"-1"},{"fields":[],"objectId":"5567806","subObjectId":"-1"},{"fields":[],"objectId":"5567807","subObjectId":"-1"},{"fields":[],"objectId":"5567808","subObjectId":"-1"},{"fields":[],"objectId":"5567809","subObjectId":"-1"},{"fields":[],"objectId":"5567811","subObjectId":"-1"},{"fields":[],"objectId":"5567812","subObjectId":"-1"},{"fields":[],"objectId":"5567813","subObjectId":"-1"},{"fields":[],"objectId":"5567814","subObjectId":"-1"},{"fields":[],"objectId":"5567855","subObjectId":"-1"}],"type":"FieldLabel"},{"rows":[{"fields":[],"objectId":"5567759","subObjectId":"-1"},{"fields":[],"objectId":"5567761","subObjectId":"-1"},{"fields":[],"objectId":"5567763","subObjectId":"-1"},{"fields":[],"objectId":"20","subObjectId":"-1"}],"type":"ViewName"},{"rows":[],"type":"CategoryName"}]},"schema":{"groups":[{"childLocalId":"5567798","vtComponentLocalId":"5567853"},{"childLocalId":"5567799","vtComponentLocalId":"5567853"},{"childLocalId":"5567814","vtComponentLocalId":"5567853"},{"childLocalId":"5567855","vtComponentLocalId":"5567853"}],"revision":null,"subTable":{"5567787":{"fieldList":{"5567785":{"id":"5567785","label":"文字","properties":{"defaultValue":"","expression":"","hideExpression":"false","max":null,"min":null,"noLabel":"false","required":"false","unique":"false"},"type":"SINGLE_LINE_TEXT","var":"文字"},"5567786":{"id":"5567786","label":"画数","properties":{"defaultValue":null,"digit":"false","displayScale":null,"max":null,"min":null,"noLabel":"false","required":"false","roundingMode":null,"scale":null,"unique":"false","unit":"","unitPosition":"BEFORE"},"type":"DECIMAL","var":"画数"},"5567854":{"id":"5567854","label":"固定値1","properties":{"displayScale":null,"expression":"1","format":"NUMBER","hideExpression":"false","noLabel":"false","required":"false","roundingMode":null,"scale":null,"unit":"","unitPosition":"BEFORE"},"type":"CALC","var":"固定値1"}},"id":"5567787","label":"テーブル","properties":{"noLabel":"true"},"var":"テーブル"}},"table":{"fieldList":{"5567564":{"id":"5567564","label":"レコード番号","properties":{"noLabel":"false","required":"true"},"type":"RECORD_ID","var":"レコード番号"},"5567565":{"id":"5567565","label":"更新者","properties":{"noLabel":"false","required":"true"},"type":"MODIFIER","var":"更新者"},"5567566":{"id":"5567566","label":"提案者","properties":{"noLabel":"false","required":"true"},"type":"CREATOR","var":"提案者"},"5567567":{"id":"5567567","label":"更新日時","properties":{"noLabel":"false","required":"true"},"type":"MODIFIED_AT","var":"更新日時"},"5567568":{"id":"5567568","label":"作成日時","properties":{"noLabel":"false","required":"true"},"type":"CREATED_AT","var":"作成日時"},"5567569":{"id":"5567569","label":"ステータス","properties":{"noLabel":"false","required":"false"},"type":"STATUS","var":"ステータス"},"5567570":{"id":"5567570","label":"作業者","properties":{"noLabel":"false","required":"false"},"type":"STATUS_ASSIGNEE","var":"作業者"},"5567571":{"id":"5567571","label":"カテゴリー","properties":{"noLabel":"false","required":"false"},"type":"CATEGORY","var":"カテゴリー"},"5567749":{"id":"5567749","label":"名前","properties":{"defaultValue":"","expression":"","hideExpression":"false","max":null,"min":null,"noLabel":"false","required":"true","unique":"false"},"type":"SINGLE_LINE_TEXT","var":"名前"},"5567750":{"id":"5567750","label":"よみがな","properties":{"defaultValue":"","expression":"","hideExpression":"false","max":null,"min":null,"noLabel":"false","required":"true","unique":"false"},"type":"SINGLE_LINE_TEXT","var":"よみがな"},"5567751":{"id":"5567751","label":"想定性別","properties":{"defaultValue":null,"noLabel":"false","options":[{"id":"5567633","label":"男の子","valid":true},{"id":"5567634","label":"女の子","valid":true}],"required":"false"},"type":"SINGLE_SELECT","var":"想定性別"},"5567752":{"id":"5567752","label":"良いところ","properties":{"defaultValue":[],"noLabel":"false","options":[{"id":"5567574","label":"響きが良い","valid":true},{"id":"5567575","label":"画数が良い","valid":true},{"id":"5567577","label":"漢字のイメージが良い","valid":true},{"id":"5567576","label":"読みやすい","valid":true},{"id":"5567582","label":"願いが込められている","valid":true},{"id":"5567583","label":"同級生と被る可能性低め","valid":true},{"id":"5567645","label":"その他（特記事項に記載）","valid":true}],"required":"true"},"type":"MULTIPLE_SELECT","var":"良いところ"},"5567753":{"id":"5567753","label":"不安な点","properties":{"defaultValue":[],"noLabel":"false","options":[{"id":"5567578","label":"知人の名前に近い","valid":true},{"id":"5567684","label":"画数に懸念有り","valid":true},{"id":"5567579","label":"あまり見かけない漢字","valid":true},{"id":"5567580","label":"読み方が複数パターン","valid":true},{"id":"5567712","label":"キラキラネーム？","valid":true},{"id":"5567581","label":"ややありきたり？","valid":true},{"id":"5567646","label":"その他（特記事項に記載）","valid":true}],"required":"false"},"type":"MULTIPLE_SELECT","var":"不安な点"},"5567754":{"id":"5567754","label":"特記事項","properties":{"defaultValue":"","noLabel":"false","required":"false"},"type":"MULTIPLE_LINE_TEXT","var":"特記事項"},"5567755":{"id":"5567755","label":"被提案者の評価","properties":{"defaultValue":null,"noLabel":"false","options":[{"id":"5567598","label":"いいね","valid":true},{"id":"5567599","label":"うーん","valid":true}],"required":"false"},"type":"SINGLE_SELECT","var":"被提案者の評価"},"5567756":{"id":"5567756","label":"被提案者の所感","properties":{"defaultValue":"","noLabel":"false","required":"false"},"type":"MULTIPLE_LINE_TEXT","var":"被提案者の所感"},"5567757":{"id":"5567757","label":"採用","properties":{"defaultValue":[],"noLabel":"true","options":[{"id":"5567607","label":"採用","valid":true}],"required":"false"},"type":"MULTIPLE_CHECK","var":"採用"},"5567789":{"id":"5567789","label":"地格","properties":{"displayScale":null,"expression":"SUM(画数)","format":"NUMBER","hideExpression":"false","noLabel":"false","required":"false","roundingMode":null,"scale":null,"unit":"","unitPosition":"BEFORE"},"type":"CALC","var":"地格"},"5567790":{"id":"5567790","label":"総格","properties":{"displayScale":null,"expression":"天格\u002B地格","format":"NUMBER","hideExpression":"false","noLabel":"false","required":"false","roundingMode":null,"scale":null,"unit":"","unitPosition":"BEFORE"},"type":"CALC","var":"総格"},"5567791":{"id":"5567791","label":"天格","properties":{"displayScale":null,"expression":"姓の外格に足す数\u002B姓の人格に足す数","format":"NUMBER","hideExpression":"false","noLabel":"false","required":"false","roundingMode":null,"scale":null,"unit":"","unitPosition":"BEFORE"},"type":"CALC","var":"天格"},"5567792":{"id":"5567792","label":"人格","properties":{"defaultValue":null,"digit":"false","displayScale":null,"max":null,"min":null,"noLabel":"false","required":"false","roundingMode":null,"scale":null,"unique":"false","unit":"","unitPosition":"BEFORE"},"type":"DECIMAL","var":"人格"},"5567793":{"id":"5567793","label":"外格","properties":{"defaultValue":null,"digit":"false","displayScale":null,"max":null,"min":null,"noLabel":"false","required":"false","roundingMode":null,"scale":null,"unique":"false","unit":"","unitPosition":"BEFORE"},"type":"DECIMAL","var":"外格"},"5567798":{"id":"5567798","label":"姓の外格に足す数","properties":{"displayScale":null,"expression":"0","format":"NUMBER","hideExpression":"false","noLabel":"false","required":"false","roundingMode":null,"scale":null,"unit":"","unitPosition":"BEFORE"},"type":"CALC","var":"姓の外格に足す数"},"5567799":{"id":"5567799","label":"姓の人格に足す数","properties":{"displayScale":null,"expression":"0","format":"NUMBER","hideExpression":"false","noLabel":"false","required":"false","roundingMode":null,"scale":null,"unit":"","unitPosition":"BEFORE"},"type":"CALC","var":"姓の人格に足す数"},"5567803":{"id":"5567803","label":"名前辞典リンク","properties":{"defaultValue":"","max":null,"min":null,"noLabel":"false","protocol":"WEB","required":"false","unique":"false"},"type":"LINK","var":"名前辞典リンク"},"5567804":{"id":"5567804","label":"人格吉凶リンク","properties":{"defaultValue":"","expression":"\"https://namedic.jp/fortune/detail/\"&人格&\" \"&\"https://namedic.jp/fortune/detail/\"&人格&\"#section-jinkaku\"","hideExpression":"false","max":null,"min":null,"noLabel":"false","required":"false","unique":"false"},"type":"SINGLE_LINE_TEXT","var":"人格吉凶リンク"},"5567806":{"id":"5567806","label":"地格吉凶リンク","properties":{"defaultValue":"","expression":"\"https://namedic.jp/fortune/detail/\"&地格&\" \"&\"https://namedic.jp/fortune/detail/\"&地格&\"#section-chikaku\"","hideExpression":"false","max":null,"min":null,"noLabel":"false","required":"false","unique":"false"},"type":"SINGLE_LINE_TEXT","var":"地格吉凶リンク"},"5567807":{"id":"5567807","label":"外格吉凶リンク","properties":{"defaultValue":"","expression":"\"https://namedic.jp/fortune/detail/\"&外格&\" \"&\"https://namedic.jp/fortune/detail/\"&外格&\"#section-gaikaku\"","hideExpression":"false","max":null,"min":null,"noLabel":"false","required":"false","unique":"false"},"type":"SINGLE_LINE_TEXT","var":"外格吉凶リンク"},"5567808":{"id":"5567808","label":"総格吉凶リンク","properties":{"defaultValue":"","expression":"\"https://namedic.jp/fortune/detail/\"&総格&\" \"&\"https://namedic.jp/fortune/detail/\"&総格&\"#section-soukaku\"","hideExpression":"false","max":null,"min":null,"noLabel":"false","required":"false","unique":"false"},"type":"SINGLE_LINE_TEXT","var":"総格吉凶リンク"},"5567809":{"id":"5567809","label":"天→","properties":{"defaultValue":"","expression":"IF(天格-1-ROUNDDOWN((天格-1)/10)*10\u003C=1,\"木\",IF(天格-1-ROUNDDOWN((天格-1)/10)*10\u003C=3,\"火\",IF(天格-1-ROUNDDOWN((天格-1)/10)*10\u003C=5,\"土\",IF(天格-1-ROUNDDOWN((天格-1)/10)*10\u003C=7,\"金\",\"水\"))))","hideExpression":"false","max":null,"min":null,"noLabel":"false","required":"false","unique":"false"},"type":"SINGLE_LINE_TEXT","var":"天"},"5567811":{"id":"5567811","label":"人→","properties":{"defaultValue":"","expression":"IF(人格-1-ROUNDDOWN((人格-1)/10)*10\u003C=1,\"木\",IF(人格-1-ROUNDDOWN((人格-1)/10)*10\u003C=3,\"火\",IF(人格-1-ROUNDDOWN((人格-1)/10)*10\u003C=5,\"土\",IF(人格-1-ROUNDDOWN((人格-1)/10)*10\u003C=7,\"金\",\"水\"))))","hideExpression":"false","max":null,"min":null,"noLabel":"false","required":"false","unique":"false"},"type":"SINGLE_LINE_TEXT","var":"人"},"5567812":{"id":"5567812","label":"地","properties":{"defaultValue":"","expression":"IF(地格-1-ROUNDDOWN((地格-1)/10)*10\u003C=1,\"木\",IF(地格-1-ROUNDDOWN((地格-1)/10)*10\u003C=3,\"火\",IF(地格-1-ROUNDDOWN((地格-1)/10)*10\u003C=5,\"土\",IF(地格-1-ROUNDDOWN((地格-1)/10)*10\u003C=7,\"金\",\"水\"))))","hideExpression":"false","max":null,"min":null,"noLabel":"false","required":"false","unique":"false"},"type":"SINGLE_LINE_TEXT","var":"地"},"5567813":{"id":"5567813","label":"陰陽配列","properties":{"defaultValue":"","expression":"","hideExpression":"false","max":null,"min":null,"noLabel":"false","required":"false","unique":"false"},"type":"SINGLE_LINE_TEXT","var":"陰陽配列"},"5567814":{"id":"5567814","label":"姓の陰陽","properties":{"defaultValue":"","expression":"\"\"","hideExpression":"false","max":null,"min":null,"noLabel":"false","required":"false","unique":"false"},"type":"SINGLE_LINE_TEXT","var":"姓の陰陽"},"5567853":{"id":"5567853","label":"グループ","properties":{"noLabel":"true","open":"false","required":"false"},"type":"GROUP","var":"グループ"},"5567855":{"id":"5567855","label":"文字数","properties":{"displayScale":null,"expression":"SUM(固定値1)","format":"NUMBER","hideExpression":"false","noLabel":"false","required":"false","roundingMode":null,"scale":null,"unit":"","unitPosition":"BEFORE"},"type":"CALC","var":"文字数"}},"id":"1","label":"__ROOT__","properties":null,"var":"__ROOT__"}},"settingsNotesForm":{"content":null,"willBeInherited":null},"status":{"actions":[],"filters":[],"initialStateId":null,"states":[],"useStatus":"false"},"uuid":"8ae124d8-6fc1-4ae9-8a2c-1755fd13dfef","views":[{"advancedMode":"false","builtinType":null,"device":null,"fields":[{"row":[{"columnWidth":null,"id":"5567749"},{"columnWidth":null,"id":"5567750"},{"columnWidth":null,"id":"5567751"},{"columnWidth":null,"id":"5567752"},{"columnWidth":null,"id":"5567753"},{"columnWidth":null,"id":"5567754"},{"columnWidth":null,"id":"5567755"},{"columnWidth":null,"id":"5567756"}]}],"filter":{"category":null,"offset":null,"order":["DESC"],"q":"f5567566 in (\" USER\", LOGINUSER())","size":null,"sort":["f5567564"]},"html":null,"keyFieldId":null,"name":"自分の提案","pager":null,"revision":null,"titleFieldId":null,"view":"5567759","viewType":"LIST"},{"advancedMode":"false","builtinType":null,"device":null,"fields":[{"row":[{"columnWidth":null,"id":"5567749"},{"columnWidth":null,"id":"5567750"},{"columnWidth":null,"id":"5567751"},{"columnWidth":null,"id":"5567752"},{"columnWidth":null,"id":"5567753"},{"columnWidth":null,"id":"5567754"}]}],"filter":{"category":null,"offset":null,"order":["DESC"],"q":"f5567566 not in (\" USER\", LOGINUSER())","size":null,"sort":["f5567564"]},"html":null,"keyFieldId":null,"name":"自分以外の提案","pager":null,"revision":null,"titleFieldId":null,"view":"5567761","viewType":"LIST"},{"advancedMode":"false","builtinType":null,"device":null,"fields":[{"row":[{"columnWidth":null,"id":"5567749"},{"columnWidth":null,"id":"5567750"},{"columnWidth":null,"id":"5567751"},{"columnWidth":null,"id":"5567752"},{"columnWidth":null,"id":"5567753"},{"columnWidth":null,"id":"5567754"},{"columnWidth":null,"id":"5567755"},{"columnWidth":null,"id":"5567566"}]}],"filter":{"category":null,"offset":null,"order":["DESC"],"q":"f5567755 in (\"5567598\")","size":null,"sort":["f5567564"]},"html":null,"keyFieldId":null,"name":"被提案者が高評価した名前","pager":null,"revision":null,"titleFieldId":null,"view":"5567763","viewType":"LIST"},{"advancedMode":null,"builtinType":"ALL","device":null,"fields":[{"row":[{"columnWidth":null,"id":"5567564"},{"columnWidth":null,"id":"5567749"},{"columnWidth":null,"id":"5567750"},{"columnWidth":null,"id":"5567751"},{"columnWidth":null,"id":"5567752"},{"columnWidth":null,"id":"5567753"},{"columnWidth":null,"id":"5567754"},{"columnWidth":null,"id":"5567755"},{"columnWidth":null,"id":"5567756"},{"columnWidth":null,"id":"5567757"},{"columnWidth":null,"id":"5567789"},{"columnWidth":null,"id":"5567790"},{"columnWidth":null,"id":"5567791"},{"columnWidth":null,"id":"5567792"},{"columnWidth":null,"id":"5567793"},{"columnWidth":null,"id":"5567798"},{"columnWidth":null,"id":"5567799"},{"columnWidth":null,"id":"5567803"},{"columnWidth":null,"id":"5567804"},{"columnWidth":null,"id":"5567806"},{"columnWidth":null,"id":"5567807"},{"columnWidth":null,"id":"5567808"},{"columnWidth":null,"id":"5567809"},{"columnWidth":null,"id":"5567811"},{"columnWidth":null,"id":"5567812"},{"columnWidth":null,"id":"5567813"},{"columnWidth":null,"id":"5567814"},{"columnWidth":null,"id":"5567855"}]}],"filter":{"category":null,"offset":null,"order":[],"q":null,"size":null,"sort":[]},"html":null,"keyFieldId":null,"name":"（すべて）","pager":null,"revision":null,"titleFieldId":null,"view":"20","viewType":"LIST"}]},{"acl":{"app":[],"field":[],"record":[]},"app":null,"category":{"categories":[],"useCategory":"false"},"form":{"layout":"[{\"id\":null,\"type\":\"ROW\",\"isSubTable\":false,\"var\":null,\"label\":null,\"controlList\":[{\"isVirtical\":true,\"type\":\"SINGLE_LINE_TEXT\",\"styleMap\":{\"width\":64},\"label\":\"文字\",\"var\":\"文字\"}]},{\"id\":null,\"type\":\"ROW\",\"isSubTable\":false,\"var\":null,\"label\":null,\"controlList\":[{\"isVirtical\":true,\"type\":\"DECIMAL\",\"styleMap\":{\"width\":64},\"label\":\"画数\",\"var\":\"画数\"}]}]","revision":null},"iconMeta":null,"info":{"automaticallyChooseTitleComponent":"true","code":null,"decimalPrecision":"16","decimalScale":"4","description":"\u003Cdiv\u003E\u003Cbr /\u003E\u003C/div\u003E","enableBulkDeletion":"false","enableRecordReuse":"true","fiscalYearStartMonth":"4","iconKey":"APP39","iconType":"PRESET","jsFiles":null,"jsScope":"ALL","name":"名前文字画数","roundingMode":"HALF_EVEN","theme":"PLAIN","titleComponentLocalId":null,"useComment":"true","useHistory":"true","useThumbnail":"true"},"jsFiles":[],"notification":{"appNotifications":[{"events":[],"target":{"entityId":"5567770","entityType":"FIELD_ENTITY","includeSubs":"false"}},{"events":[],"target":{"entityId":"5567771","entityType":"FIELD_ENTITY","includeSubs":"false"}}],"recordNotifications":[],"reminderTimezone":null,"reminders":[],"useComment":"false","useReminder":"false"},"plugins":[],"reports":[],"resource":{"tables":[{"rows":[{"fields":[],"objectId":"0","subObjectId":"-1"}],"type":"AppName"},{"rows":[{"fields":[],"objectId":"0","subObjectId":"-1"}],"type":"AppDescription"},{"rows":[{"fields":[],"objectId":"5567769","subObjectId":"-1"},{"fields":[],"objectId":"5567770","subObjectId":"-1"},{"fields":[],"objectId":"5567771","subObjectId":"-1"},{"fields":[],"objectId":"5567772","subObjectId":"-1"},{"fields":[],"objectId":"5567773","subObjectId":"-1"},{"fields":[],"objectId":"5567774","subObjectId":"-1"},{"fields":[],"objectId":"5567775","subObjectId":"-1"},{"fields":[],"objectId":"5567776","subObjectId":"-1"},{"fields":[],"objectId":"5567777","subObjectId":"-1"},{"fields":[],"objectId":"5567778","subObjectId":"-1"}],"type":"FieldLabel"},{"rows":[{"fields":[],"objectId":"20","subObjectId":"-1"}],"type":"ViewName"},{"rows":[],"type":"CategoryName"}]},"schema":{"groups":[],"revision":null,"subTable":{},"table":{"fieldList":{"5567769":{"id":"5567769","label":"レコード番号","properties":{"noLabel":"false","required":"true"},"type":"RECORD_ID","var":"レコード番号"},"5567770":{"id":"5567770","label":"更新者","properties":{"noLabel":"false","required":"true"},"type":"MODIFIER","var":"更新者"},"5567771":{"id":"5567771","label":"作成者","properties":{"noLabel":"false","required":"true"},"type":"CREATOR","var":"作成者"},"5567772":{"id":"5567772","label":"更新日時","properties":{"noLabel":"false","required":"true"},"type":"MODIFIED_AT","var":"更新日時"},"5567773":{"id":"5567773","label":"作成日時","properties":{"noLabel":"false","required":"true"},"type":"CREATED_AT","var":"作成日時"},"5567774":{"id":"5567774","label":"ステータス","properties":{"noLabel":"false","required":"false"},"type":"STATUS","var":"ステータス"},"5567775":{"id":"5567775","label":"作業者","properties":{"noLabel":"false","required":"false"},"type":"STATUS_ASSIGNEE","var":"作業者"},"5567776":{"id":"5567776","label":"カテゴリー","properties":{"noLabel":"false","required":"false"},"type":"CATEGORY","var":"カテゴリー"},"5567777":{"id":"5567777","label":"文字","properties":{"defaultValue":"","expression":"","hideExpression":"false","max":"1","min":null,"noLabel":"false","required":"true","unique":"true"},"type":"SINGLE_LINE_TEXT","var":"文字"},"5567778":{"id":"5567778","label":"画数","properties":{"defaultValue":null,"digit":"false","displayScale":null,"max":null,"min":null,"noLabel":"false","required":"true","roundingMode":null,"scale":null,"unique":"false","unit":"","unitPosition":"BEFORE"},"type":"DECIMAL","var":"画数"}},"id":"1","label":"__ROOT__","properties":null,"var":"__ROOT__"}},"settingsNotesForm":{"content":null,"willBeInherited":null},"status":{"actions":[],"filters":[],"initialStateId":null,"states":[],"useStatus":"false"},"uuid":"46e8e542-c252-449e-a6cc-f793a7f58d45","views":[{"advancedMode":null,"builtinType":"ALL","device":null,"fields":[{"row":[{"columnWidth":null,"id":"5567769"},{"columnWidth":null,"id":"5567777"},{"columnWidth":null,"id":"5567778"}]}],"filter":{"category":null,"offset":null,"order":[],"q":null,"size":null,"sort":[]},"html":null,"keyFieldId":null,"name":"（すべて）","pager":null,"revision":null,"titleFieldId":null,"view":"20","viewType":"LIST"}]}],"description":"","iconKey":"APP60","iconMeta":null,"iconSrcAppId":"8ae124d8-6fc1-4ae9-8a2c-1755fd13dfef","iconType":"PRESET","imagesMeta":[],"lookups":[{"actingAppId":"8ae124d8-6fc1-4ae9-8a2c-1755fd13dfef","fieldMappings":[{"fieldId":"5567786","targetFieldId":"5567778"}],"keyMapping":{"fieldId":"5567785","targetFieldId":"5567777"},"listFields":[],"query":{"category":null,"offset":null,"order":["desc"],"q":"order by f5567769 desc","size":null,"sort":["f5567769"]},"targetAppId":"46e8e542-c252-449e-a6cc-f793a7f58d45"}],"name":"名前候補","references":[],"version":"39"}